{
  "version": 1,
  "width": 80,
  "height": 10,
  "duration": 1.495061,
  "command": null,
  "title": null,
  "env": {
    "TERM": "xterm-256color",
    "SHELL": "/bin/bash"
  },
  "stdout": [
    [
      0.110187,
      "\u001b]777;notify;Command completed;./asciiquarium \u0007\u001b]0;rgumieri@midgard:~\u0007\u001b]7;file://midgard/home/rgumieri\u0007"
    ],
    [
      0.000159,
      "[rgumieri@midgard ~]$ "
    ],
    [
      0.985387,
      "l"
    ],
    [
      0.059983,
      "s"
    ],
    [
      0.300283,
      "\r\n"
    ],
    [
      0.033277,
      "\u001b[0m\u001b[38;5;33mApplications\u001b[0m  \u001b[38;5;33mDesktop\u001b[0m    \u001b[38;5;33mdotfiles\u001b[0m   \u001b[38;5;33mgo\u001b[0m     \u001b[38;5;33mPictures\u001b[0m  \u001b[38;5;33mPublic\u001b[0m    \u001b[38;5;33mTemplates\u001b[0m\r\n\u001b[38;5;40masciiquarium\u001b[0m  \u001b[38;5;33mDocuments\u001b[0m  \u001b[38;5;33mDownloads\u001b[0m  \u001b[38;5;33mMusic\u001b[0m  \u001b[38;5;33mProjects\u001b[0m  \u001b[38;5;33mServices\u001b[0m  \u001b[38;5;33mVideos\u001b[0m\r\n"
    ],
    [
      0.005088,
      "\u001b]777;notify;Command completed;ls\u0007\u001b]0;rgumieri@midgard:~\u0007\u001b]7;file://midgard/home/rgumieri\u0007"
    ],
    [
      8.7e-05,
      "[rgumieri@midgard ~]$ "
    ]
  ]
}